year,detail_page,img_url,items
1998,http://www.alternativ.nu/butik/åter/1998/åter-298.html,http://www.alternativ.nu/butik/1284-thickbox_default/åter-298.jpg,Året med fåret.
1998,http://www.alternativ.nu/butik/åter/1998/åter-298.html,http://www.alternativ.nu/butik/1284-thickbox_default/åter-298.jpg,Människan och ullen.
1998,http://www.alternativ.nu/butik/åter/1998/åter-298.html,http://www.alternativ.nu/butik/1284-thickbox_default/åter-298.jpg,Bereda skinn.
1998,http://www.alternativ.nu/butik/åter/1998/åter-298.html,http://www.alternativ.nu/butik/1284-thickbox_default/åter-298.jpg,Lantrasföreningar för får.
1998,http://www.alternativ.nu/butik/åter/1998/åter-298.html,http://www.alternativ.nu/butik/1284-thickbox_default/åter-298.jpg,"Odla vitlök, rabarber och jordärtskocka."
1998,http://www.alternativ.nu/butik/åter/1998/åter-298.html,http://www.alternativ.nu/butik/1284-thickbox_default/åter-298.jpg,Insändare.
1998,http://www.alternativ.nu/butik/åter/1998/åter-298.html,http://www.alternativ.nu/butik/1284-thickbox_default/åter-298.jpg,Mjölkprodukter.
1998,http://www.alternativ.nu/butik/åter/1998/åter-298.html,http://www.alternativ.nu/butik/1284-thickbox_default/åter-298.jpg,Inget får förfaras!
1998,http://www.alternativ.nu/butik/åter/1998/åter-398.html,http://www.alternativ.nu/butik/1285-thickbox_default/åter-398.jpg,Porträtt av Annelies Schöneck.
1998,http://www.alternativ.nu/butik/åter/1998/åter-398.html,http://www.alternativ.nu/butik/1285-thickbox_default/åter-398.jpg,Skaffa get!
1998,http://www.alternativ.nu/butik/åter/1998/åter-398.html,http://www.alternativ.nu/butik/1285-thickbox_default/åter-398.jpg,Reportage från hantverkslägret Ragnarök.
1998,http://www.alternativ.nu/butik/åter/1998/åter-398.html,http://www.alternativ.nu/butik/1285-thickbox_default/åter-398.jpg,Om en örtagård på Orust.
1998,http://www.alternativ.nu/butik/åter/1998/åter-398.html,http://www.alternativ.nu/butik/1285-thickbox_default/åter-398.jpg,Tema: hygien.
1998,http://www.alternativ.nu/butik/åter/1998/åter-398.html,http://www.alternativ.nu/butik/1285-thickbox_default/åter-398.jpg,Halmbalshus.
1998,http://www.alternativ.nu/butik/åter/1998/åter-398.html,http://www.alternativ.nu/butik/1285-thickbox_default/åter-398.jpg,Holma.
1999,http://www.alternativ.nu/butik/åter/1999/åter-299.html,http://www.alternativ.nu/butik/1281-thickbox_default/åter-299.jpg,Skaffa gris.
1999,http://www.alternativ.nu/butik/åter/1999/åter-299.html,http://www.alternativ.nu/butik/1281-thickbox_default/åter-299.jpg,Täckodling.
1999,http://www.alternativ.nu/butik/åter/1999/åter-299.html,http://www.alternativ.nu/butik/1281-thickbox_default/åter-299.jpg,Urinblåselyktor.
1999,http://www.alternativ.nu/butik/åter/1999/åter-299.html,http://www.alternativ.nu/butik/1281-thickbox_default/åter-299.jpg,Kärngårdar.
1999,http://www.alternativ.nu/butik/åter/1999/åter-299.html,http://www.alternativ.nu/butik/1281-thickbox_default/åter-299.jpg,Björk.
1999,http://www.alternativ.nu/butik/åter/1999/åter-299.html,http://www.alternativ.nu/butik/1281-thickbox_default/åter-299.jpg,Fettgarvning.
1999,http://www.alternativ.nu/butik/åter/1999/åter-299.html,http://www.alternativ.nu/butik/1281-thickbox_default/åter-299.jpg,Örtté.
1999,http://www.alternativ.nu/butik/åter/1999/åter-399.html,http://www.alternativ.nu/butik/1282-thickbox_default/åter-399.jpg,Smide.
1999,http://www.alternativ.nu/butik/åter/1999/åter-399.html,http://www.alternativ.nu/butik/1282-thickbox_default/åter-399.jpg,Föda hemma.
1999,http://www.alternativ.nu/butik/åter/1999/åter-399.html,http://www.alternativ.nu/butik/1282-thickbox_default/åter-399.jpg,Cirkelodling.
1999,http://www.alternativ.nu/butik/åter/1999/åter-399.html,http://www.alternativ.nu/butik/1282-thickbox_default/åter-399.jpg,Bygg en krake!
1999,http://www.alternativ.nu/butik/åter/1999/åter-399.html,http://www.alternativ.nu/butik/1282-thickbox_default/åter-399.jpg,Andlig ekologi.
1999,http://www.alternativ.nu/butik/åter/1999/åter-399.html,http://www.alternativ.nu/butik/1282-thickbox_default/åter-399.jpg,Mjölksyrning.
1999,http://www.alternativ.nu/butik/åter/1999/åter-499.html,http://www.alternativ.nu/butik/1283-thickbox_default/åter-499.jpg,Smide del 2.
1999,http://www.alternativ.nu/butik/åter/1999/åter-499.html,http://www.alternativ.nu/butik/1283-thickbox_default/åter-499.jpg,Skogsfolket.
1999,http://www.alternativ.nu/butik/åter/1999/åter-499.html,http://www.alternativ.nu/butik/1283-thickbox_default/åter-499.jpg,Tygblöjor.
1999,http://www.alternativ.nu/butik/åter/1999/åter-499.html,http://www.alternativ.nu/butik/1283-thickbox_default/åter-499.jpg,I brist på jordkällare.
1999,http://www.alternativ.nu/butik/åter/1999/åter-499.html,http://www.alternativ.nu/butik/1283-thickbox_default/åter-499.jpg,Kompostera din skit!
1999,http://www.alternativ.nu/butik/åter/1999/åter-499.html,http://www.alternativ.nu/butik/1283-thickbox_default/åter-499.jpg,Ett kollektiv i Skåne.
1999,http://www.alternativ.nu/butik/åter/1999/åter-499.html,http://www.alternativ.nu/butik/1283-thickbox_default/åter-499.jpg,Gäss.
1999,http://www.alternativ.nu/butik/åter/1999/åter-499.html,http://www.alternativ.nu/butik/1283-thickbox_default/åter-499.jpg,Ting.
2000,http://www.alternativ.nu/butik/åter/2000/åter-200.html,http://www.alternativ.nu/butik/1278-thickbox_default/åter-200.jpg,Musikinstrument.
2000,http://www.alternativ.nu/butik/åter/2000/åter-200.html,http://www.alternativ.nu/butik/1278-thickbox_default/åter-200.jpg,Kålens fiender.
2000,http://www.alternativ.nu/butik/åter/2000/åter-200.html,http://www.alternativ.nu/butik/1278-thickbox_default/åter-200.jpg,Bygga gärdesgård.
2000,http://www.alternativ.nu/butik/åter/2000/åter-200.html,http://www.alternativ.nu/butik/1278-thickbox_default/åter-200.jpg,Ko till husbehov.
2000,http://www.alternativ.nu/butik/åter/2000/åter-300.html,http://www.alternativ.nu/butik/1279-thickbox_default/åter-300.jpg,Wallners halmhus.
2000,http://www.alternativ.nu/butik/åter/2000/åter-300.html,http://www.alternativ.nu/butik/1279-thickbox_default/åter-300.jpg,Att ta tillvara äpplen.
2000,http://www.alternativ.nu/butik/åter/2000/åter-300.html,http://www.alternativ.nu/butik/1279-thickbox_default/åter-300.jpg,Ekobymöte i Kampetorp.
2000,http://www.alternativ.nu/butik/åter/2000/åter-300.html,http://www.alternativ.nu/butik/1279-thickbox_default/åter-300.jpg,Hemundervisning.
2000,http://www.alternativ.nu/butik/åter/2000/åter-300.html,http://www.alternativ.nu/butik/1279-thickbox_default/åter-300.jpg,Täcka med gräsklipp.
2000,http://www.alternativ.nu/butik/åter/2000/åter-300.html,http://www.alternativ.nu/butik/1279-thickbox_default/åter-300.jpg,Alternativt husapotek.
2000,http://www.alternativ.nu/butik/åter/2000/åter-300.html,http://www.alternativ.nu/butik/1279-thickbox_default/åter-300.jpg,Skogsnäs.
2000,http://www.alternativ.nu/butik/åter/2000/åter-400.html,http://www.alternativ.nu/butik/1280-thickbox_default/åter-400.jpg,Rädda världen med kniv och yxa.
2000,http://www.alternativ.nu/butik/åter/2000/åter-400.html,http://www.alternativ.nu/butik/1280-thickbox_default/åter-400.jpg,Naturligt föräldraskap.
2000,http://www.alternativ.nu/butik/åter/2000/åter-400.html,http://www.alternativ.nu/butik/1280-thickbox_default/åter-400.jpg,Keramik.
2000,http://www.alternativ.nu/butik/åter/2000/åter-400.html,http://www.alternativ.nu/butik/1280-thickbox_default/åter-400.jpg,Hantverkslägret Ragnarök.
2000,http://www.alternativ.nu/butik/åter/2000/åter-400.html,http://www.alternativ.nu/butik/1280-thickbox_default/åter-400.jpg,Alternativ begravning.
2000,http://www.alternativ.nu/butik/åter/2000/åter-400.html,http://www.alternativ.nu/butik/1280-thickbox_default/åter-400.jpg,Korv.
2000,http://www.alternativ.nu/butik/åter/2000/åter-400.html,http://www.alternativ.nu/butik/1280-thickbox_default/åter-400.jpg,Reportage: Att inte lönearbeta.
2001,http://www.alternativ.nu/butik/åter/2001/åter-201.html,http://www.alternativ.nu/butik/1276-thickbox_default/åter-201.jpg,Höns.
2001,http://www.alternativ.nu/butik/åter/2001/åter-201.html,http://www.alternativ.nu/butik/1276-thickbox_default/åter-201.jpg,Drycker.
2001,http://www.alternativ.nu/butik/åter/2001/åter-201.html,http://www.alternativ.nu/butik/1276-thickbox_default/åter-201.jpg,Solvärme.
2001,http://www.alternativ.nu/butik/åter/2001/åter-201.html,http://www.alternativ.nu/butik/1276-thickbox_default/åter-201.jpg,Friluftsliv.
2001,http://www.alternativ.nu/butik/åter/2001/åter-201.html,http://www.alternativ.nu/butik/1276-thickbox_default/åter-201.jpg,I en självförsörjares skafferi.
2001,http://www.alternativ.nu/butik/åter/2001/åter-201.html,http://www.alternativ.nu/butik/1276-thickbox_default/åter-201.jpg,Majas odlingstips.
2001,http://www.alternativ.nu/butik/åter/2001/åter-201.html,http://www.alternativ.nu/butik/1276-thickbox_default/åter-201.jpg,Att komma överens.
2001,http://www.alternativ.nu/butik/åter/2001/åter-301.html,http://www.alternativ.nu/butik/1277-thickbox_default/åter-301.jpg,Tema: Torkning för husbehov.
2001,http://www.alternativ.nu/butik/åter/2001/åter-301.html,http://www.alternativ.nu/butik/1277-thickbox_default/åter-301.jpg,Insjäfiske med nät.
2001,http://www.alternativ.nu/butik/åter/2001/åter-301.html,http://www.alternativ.nu/butik/1277-thickbox_default/åter-301.jpg,Egen el med vindsnurra.
2001,http://www.alternativ.nu/butik/åter/2001/åter-301.html,http://www.alternativ.nu/butik/1277-thickbox_default/åter-301.jpg,Samodling.
2001,http://www.alternativ.nu/butik/åter/2001/åter-301.html,http://www.alternativ.nu/butik/1277-thickbox_default/åter-301.jpg,Cidertillverkning.
2001,http://www.alternativ.nu/butik/åter/2001/åter-301.html,http://www.alternativ.nu/butik/1277-thickbox_default/åter-301.jpg,Fröodling.
2001,http://www.alternativ.nu/butik/åter/2001/åter-301.html,http://www.alternativ.nu/butik/1277-thickbox_default/åter-301.jpg,Traditionella färger.
2001,http://www.alternativ.nu/butik/åter/2001/åter-301.html,http://www.alternativ.nu/butik/1277-thickbox_default/åter-301.jpg,Föreningslista.
2002,http://www.alternativ.nu/butik/åter/2002/åter-102.html,http://www.alternativ.nu/butik/1272-thickbox_default/åter-102.jpg,Hemfödsel.
2002,http://www.alternativ.nu/butik/åter/2002/åter-102.html,http://www.alternativ.nu/butik/1272-thickbox_default/åter-102.jpg,Slipning av verktyg.
2002,http://www.alternativ.nu/butik/åter/2002/åter-102.html,http://www.alternativ.nu/butik/1272-thickbox_default/åter-102.jpg,Lin.
2002,http://www.alternativ.nu/butik/åter/2002/åter-102.html,http://www.alternativ.nu/butik/1272-thickbox_default/åter-102.jpg,Hud- och hårvård.
2002,http://www.alternativ.nu/butik/åter/2002/åter-102.html,http://www.alternativ.nu/butik/1272-thickbox_default/åter-102.jpg,Stark som en oxe.
2002,http://www.alternativ.nu/butik/åter/2002/åter-102.html,http://www.alternativ.nu/butik/1272-thickbox_default/åter-102.jpg,Barggarvning.
2002,http://www.alternativ.nu/butik/åter/2002/åter-102.html,http://www.alternativ.nu/butik/1272-thickbox_default/åter-102.jpg,Räcker marken?
2002,http://www.alternativ.nu/butik/åter/2002/åter-102.html,http://www.alternativ.nu/butik/1272-thickbox_default/åter-102.jpg,Bok: Bondens jord.
2002,http://www.alternativ.nu/butik/åter/2002/åter-102.html,http://www.alternativ.nu/butik/1272-thickbox_default/åter-102.jpg,Kurser.
2002,http://www.alternativ.nu/butik/åter/2002/åter-202.html,http://www.alternativ.nu/butik/1273-thickbox_default/åter-202.jpg,Tova.
2002,http://www.alternativ.nu/butik/åter/2002/åter-202.html,http://www.alternativ.nu/butik/1273-thickbox_default/åter-202.jpg,Hässja hö.
2002,http://www.alternativ.nu/butik/åter/2002/åter-202.html,http://www.alternativ.nu/butik/1273-thickbox_default/åter-202.jpg,Biodynamisk odling.
2002,http://www.alternativ.nu/butik/åter/2002/åter-202.html,http://www.alternativ.nu/butik/1273-thickbox_default/åter-202.jpg,Kubbhus.
2002,http://www.alternativ.nu/butik/åter/2002/åter-202.html,http://www.alternativ.nu/butik/1273-thickbox_default/åter-202.jpg,Mitt sätt att sköta skogen.
2002,http://www.alternativ.nu/butik/åter/2002/åter-202.html,http://www.alternativ.nu/butik/1273-thickbox_default/åter-202.jpg,Att leva off grid.
2002,http://www.alternativ.nu/butik/åter/2002/åter-202.html,http://www.alternativ.nu/butik/1273-thickbox_default/åter-202.jpg,Sy en sovsäck.
2002,http://www.alternativ.nu/butik/åter/2002/åter-202.html,http://www.alternativ.nu/butik/1273-thickbox_default/åter-202.jpg,Ekoboprojekt.
2002,http://www.alternativ.nu/butik/åter/2002/åter-202.html,http://www.alternativ.nu/butik/1273-thickbox_default/åter-202.jpg,Blöjfri.
2002,http://www.alternativ.nu/butik/åter/2002/åter-402.html,http://www.alternativ.nu/butik/1274-thickbox_default/åter-402.jpg,Timring.
2002,http://www.alternativ.nu/butik/åter/2002/åter-402.html,http://www.alternativ.nu/butik/1274-thickbox_default/åter-402.jpg,Fasta.
2002,http://www.alternativ.nu/butik/åter/2002/åter-402.html,http://www.alternativ.nu/butik/1274-thickbox_default/åter-402.jpg,Skärsvarva en skål.
2002,http://www.alternativ.nu/butik/åter/2002/åter-402.html,http://www.alternativ.nu/butik/1274-thickbox_default/åter-402.jpg,Husdjur till husbehov 1: Människan och husdjuret.
2002,http://www.alternativ.nu/butik/åter/2002/åter-402.html,http://www.alternativ.nu/butik/1274-thickbox_default/åter-402.jpg,Husets egen hårdost.
2002,http://www.alternativ.nu/butik/åter/2002/åter-402.html,http://www.alternativ.nu/butik/1274-thickbox_default/åter-402.jpg,Vinterrecept.
2002,http://www.alternativ.nu/butik/åter/2002/åter-402.html,http://www.alternativ.nu/butik/1274-thickbox_default/åter-402.jpg,"-Nyutflyttade, hur går det för er?"
2002,http://www.alternativ.nu/butik/åter/2002/åter-402.html,http://www.alternativ.nu/butik/1274-thickbox_default/åter-402.jpg,Utflyttarlista
2002,http://www.alternativ.nu/butik/åter/2002/åter-302.html,http://www.alternativ.nu/butik/1275-thickbox_default/åter-302.jpg,Egen kryddgård.
2002,http://www.alternativ.nu/butik/åter/2002/åter-302.html,http://www.alternativ.nu/butik/1275-thickbox_default/åter-302.jpg,Leva utan ström.
2002,http://www.alternativ.nu/butik/åter/2002/åter-302.html,http://www.alternativ.nu/butik/1275-thickbox_default/åter-302.jpg,Växtfärgning.
2002,http://www.alternativ.nu/butik/åter/2002/åter-302.html,http://www.alternativ.nu/butik/1275-thickbox_default/åter-302.jpg,Färga med svamp.
2002,http://www.alternativ.nu/butik/åter/2002/åter-302.html,http://www.alternativ.nu/butik/1275-thickbox_default/åter-302.jpg,Rökning av kött och fisk.
2002,http://www.alternativ.nu/butik/åter/2002/åter-302.html,http://www.alternativ.nu/butik/1275-thickbox_default/åter-302.jpg,Get till husbehov.
2002,http://www.alternativ.nu/butik/åter/2002/åter-302.html,http://www.alternativ.nu/butik/1275-thickbox_default/åter-302.jpg,Vad är organisk-biologisk odling?
2002,http://www.alternativ.nu/butik/åter/2002/åter-302.html,http://www.alternativ.nu/butik/1275-thickbox_default/åter-302.jpg,Kunskapspersoner.
2002,http://www.alternativ.nu/butik/åter/2002/åter-302.html,http://www.alternativ.nu/butik/1275-thickbox_default/åter-302.jpg,Höstrecept.
2003,http://www.alternativ.nu/butik/åter/2003/åter-203.html,http://www.alternativ.nu/butik/407-thickbox_default/åter-203.jpg,Stickspån.
2003,http://www.alternativ.nu/butik/åter/2003/åter-203.html,http://www.alternativ.nu/butik/407-thickbox_default/åter-203.jpg,Husdjur till husbehov: Byggnader.
2003,http://www.alternativ.nu/butik/åter/2003/åter-203.html,http://www.alternativ.nu/butik/407-thickbox_default/åter-203.jpg,Brygg ditt eget öl.
2003,http://www.alternativ.nu/butik/åter/2003/åter-203.html,http://www.alternativ.nu/butik/407-thickbox_default/åter-203.jpg,Halmbalshus.
2003,http://www.alternativ.nu/butik/åter/2003/åter-203.html,http://www.alternativ.nu/butik/407-thickbox_default/åter-203.jpg,Sy en tipi.
2003,http://www.alternativ.nu/butik/åter/2003/åter-203.html,http://www.alternativ.nu/butik/407-thickbox_default/åter-203.jpg,Sommarrecept.
2003,http://www.alternativ.nu/butik/åter/2003/åter-203.html,http://www.alternativ.nu/butik/407-thickbox_default/åter-203.jpg,Nålbindning.
2003,http://www.alternativ.nu/butik/åter/2003/åter-203.html,http://www.alternativ.nu/butik/407-thickbox_default/åter-203.jpg,Former för samarbete.
2003,http://www.alternativ.nu/butik/åter/2003/åter-203.html,http://www.alternativ.nu/butik/407-thickbox_default/åter-203.jpg,Insänt.
2003,http://www.alternativ.nu/butik/åter/2003/åter-203.html,http://www.alternativ.nu/butik/407-thickbox_default/åter-203.jpg,Föreningar.
2003,http://www.alternativ.nu/butik/åter/2003/åter-303.html,http://www.alternativ.nu/butik/401-thickbox_default/åter-303.jpg,Ny bok: Shelter.
2003,http://www.alternativ.nu/butik/åter/2003/åter-303.html,http://www.alternativ.nu/butik/401-thickbox_default/åter-303.jpg,Skor på fötterna.
2003,http://www.alternativ.nu/butik/åter/2003/åter-303.html,http://www.alternativ.nu/butik/401-thickbox_default/åter-303.jpg,Spinna med slända.
2003,http://www.alternativ.nu/butik/åter/2003/åter-303.html,http://www.alternativ.nu/butik/401-thickbox_default/åter-303.jpg,Ta vara på skörden.
2003,http://www.alternativ.nu/butik/åter/2003/åter-303.html,http://www.alternativ.nu/butik/401-thickbox_default/åter-303.jpg,Varm av sol och ved.
2003,http://www.alternativ.nu/butik/åter/2003/åter-303.html,http://www.alternativ.nu/butik/401-thickbox_default/åter-303.jpg,Läsarfråga: Korvskinn.
2003,http://www.alternativ.nu/butik/åter/2003/åter-303.html,http://www.alternativ.nu/butik/401-thickbox_default/åter-303.jpg,Gör ditt eget äppelvin.
2003,http://www.alternativ.nu/butik/åter/2003/åter-303.html,http://www.alternativ.nu/butik/401-thickbox_default/åter-303.jpg,Hur går det för Engla?
2003,http://www.alternativ.nu/butik/åter/2003/åter-303.html,http://www.alternativ.nu/butik/401-thickbox_default/åter-303.jpg,Läsartips: att få ihop pengar.
2003,http://www.alternativ.nu/butik/åter/2003/åter-303.html,http://www.alternativ.nu/butik/401-thickbox_default/åter-303.jpg,Husdjur till husbehov: Stängsel.
2003,http://www.alternativ.nu/butik/åter/2003/åter-403.html,http://www.alternativ.nu/butik/396-thickbox_default/åter-403.jpg,Tvåvåningshus i lera.
2003,http://www.alternativ.nu/butik/åter/2003/åter-403.html,http://www.alternativ.nu/butik/396-thickbox_default/åter-403.jpg,"Husdjur till husbehov: Beten, foder, vatten."
2003,http://www.alternativ.nu/butik/åter/2003/åter-403.html,http://www.alternativ.nu/butik/396-thickbox_default/åter-403.jpg,Knopar och rep.
2003,http://www.alternativ.nu/butik/åter/2003/åter-403.html,http://www.alternativ.nu/butik/396-thickbox_default/åter-403.jpg,Utflyttarbrev.
2003,http://www.alternativ.nu/butik/åter/2003/åter-403.html,http://www.alternativ.nu/butik/396-thickbox_default/åter-403.jpg,På julbordet.
2003,http://www.alternativ.nu/butik/åter/2003/åter-403.html,http://www.alternativ.nu/butik/396-thickbox_default/åter-403.jpg,Växtföljd.
2003,http://www.alternativ.nu/butik/åter/2003/åter-403.html,http://www.alternativ.nu/butik/396-thickbox_default/åter-403.jpg,Slöjda i färskt trä.
2003,http://www.alternativ.nu/butik/åter/2003/åter-403.html,http://www.alternativ.nu/butik/396-thickbox_default/åter-403.jpg,Ljusstöpning.
2003,http://www.alternativ.nu/butik/åter/2003/åter-403.html,http://www.alternativ.nu/butik/396-thickbox_default/åter-403.jpg,Mjöd.
2003,http://www.alternativ.nu/butik/åter/2003/åter-403.html,http://www.alternativ.nu/butik/396-thickbox_default/åter-403.jpg,Svampodling.
2003,http://www.alternativ.nu/butik/åter/2003/åter-403.html,http://www.alternativ.nu/butik/396-thickbox_default/åter-403.jpg,Läsarbrev.
2003,http://www.alternativ.nu/butik/åter/2003/åter-403.html,http://www.alternativ.nu/butik/396-thickbox_default/åter-403.jpg,Självhushållarkryss.
2003,http://www.alternativ.nu/butik/åter/2003/åter-103.html,http://www.alternativ.nu/butik/1271-thickbox_default/åter-103.jpg,Skogsbruk.
2003,http://www.alternativ.nu/butik/åter/2003/åter-103.html,http://www.alternativ.nu/butik/1271-thickbox_default/åter-103.jpg,Slöjda en pall.
2003,http://www.alternativ.nu/butik/åter/2003/åter-103.html,http://www.alternativ.nu/butik/1271-thickbox_default/åter-103.jpg,Husdjurtillhusbeh: Att handskas med djur
2003,http://www.alternativ.nu/butik/åter/2003/åter-103.html,http://www.alternativ.nu/butik/1271-thickbox_default/åter-103.jpg,Naturlig familjeplanering.
2003,http://www.alternativ.nu/butik/åter/2003/åter-103.html,http://www.alternativ.nu/butik/1271-thickbox_default/åter-103.jpg,Odling för nybörjare.
2003,http://www.alternativ.nu/butik/åter/2003/åter-103.html,http://www.alternativ.nu/butik/1271-thickbox_default/åter-103.jpg,Gör ett eget äppelträd.
2003,http://www.alternativ.nu/butik/åter/2003/åter-103.html,http://www.alternativ.nu/butik/1271-thickbox_default/åter-103.jpg,Bo i manskapsvagn.
2003,http://www.alternativ.nu/butik/åter/2003/åter-103.html,http://www.alternativ.nu/butik/1271-thickbox_default/åter-103.jpg,Vårrecept.
2004,http://www.alternativ.nu/butik/åter/2004/åter-104.html,http://www.alternativ.nu/butik/376-thickbox_default/åter-104.jpg,Potatisodling.
2004,http://www.alternativ.nu/butik/åter/2004/åter-104.html,http://www.alternativ.nu/butik/376-thickbox_default/åter-104.jpg,"Husdjur till husbehov 6: Ansvar, handel och ekonomi."
2004,http://www.alternativ.nu/butik/åter/2004/åter-104.html,http://www.alternativ.nu/butik/376-thickbox_default/åter-104.jpg,Husets hjärta: eldstäder.
2004,http://www.alternativ.nu/butik/åter/2004/åter-104.html,http://www.alternativ.nu/butik/376-thickbox_default/åter-104.jpg,Intervju m ekobyprojekt.
2004,http://www.alternativ.nu/butik/åter/2004/åter-104.html,http://www.alternativ.nu/butik/376-thickbox_default/åter-104.jpg,Örtté.
2004,http://www.alternativ.nu/butik/åter/2004/åter-104.html,http://www.alternativ.nu/butik/376-thickbox_default/åter-104.jpg,Odling inomhus.
2004,http://www.alternativ.nu/butik/åter/2004/åter-104.html,http://www.alternativ.nu/butik/376-thickbox_default/åter-104.jpg,Lägenhetsträdgård.
2004,http://www.alternativ.nu/butik/åter/2004/åter-104.html,http://www.alternativ.nu/butik/376-thickbox_default/åter-104.jpg,Exotiska kulturväxter i kruka.
2004,http://www.alternativ.nu/butik/åter/2004/åter-104.html,http://www.alternativ.nu/butik/376-thickbox_default/åter-104.jpg,Olivodling.
2004,http://www.alternativ.nu/butik/åter/2004/åter-104.html,http://www.alternativ.nu/butik/376-thickbox_default/åter-104.jpg,Sy i fårskinn.
2004,http://www.alternativ.nu/butik/åter/2004/åter-104.html,http://www.alternativ.nu/butik/376-thickbox_default/åter-104.jpg,Att köra bil på ved.
2004,http://www.alternativ.nu/butik/åter/2004/åter-104.html,http://www.alternativ.nu/butik/376-thickbox_default/åter-104.jpg,Frötips för nybörjare.
2004,http://www.alternativ.nu/butik/åter/2004/åter-204.html,http://www.alternativ.nu/butik/381-thickbox_default/åter-204.jpg,Brännvinskryddning
2004,http://www.alternativ.nu/butik/åter/2004/åter-204.html,http://www.alternativ.nu/butik/381-thickbox_default/åter-204.jpg,BDT-vattenrening i växthus
2004,http://www.alternativ.nu/butik/åter/2004/åter-204.html,http://www.alternativ.nu/butik/381-thickbox_default/åter-204.jpg,Husdjur till husbehov: Slakt
2004,http://www.alternativ.nu/butik/åter/2004/åter-204.html,http://www.alternativ.nu/butik/381-thickbox_default/åter-204.jpg,Vägar till självhushållning
2004,http://www.alternativ.nu/butik/åter/2004/åter-204.html,http://www.alternativ.nu/butik/381-thickbox_default/åter-204.jpg,Syrad färskost
2004,http://www.alternativ.nu/butik/åter/2004/åter-204.html,http://www.alternativ.nu/butik/381-thickbox_default/åter-204.jpg,Baka i stenugn
2004,http://www.alternativ.nu/butik/åter/2004/åter-204.html,http://www.alternativ.nu/butik/381-thickbox_default/åter-204.jpg,"Ved, hantering & redskap"
2004,http://www.alternativ.nu/butik/åter/2004/åter-204.html,http://www.alternativ.nu/butik/381-thickbox_default/åter-204.jpg,Halmslöjd
2004,http://www.alternativ.nu/butik/åter/2004/åter-204.html,http://www.alternativ.nu/butik/381-thickbox_default/åter-204.jpg,Hästredskap del 1
2004,http://www.alternativ.nu/butik/åter/2004/åter-304.html,http://www.alternativ.nu/butik/386-thickbox_default/åter-304.jpg,Att ta tillvara svamp.
2004,http://www.alternativ.nu/butik/åter/2004/åter-304.html,http://www.alternativ.nu/butik/386-thickbox_default/åter-304.jpg,Lera.
2004,http://www.alternativ.nu/butik/åter/2004/åter-304.html,http://www.alternativ.nu/butik/386-thickbox_default/åter-304.jpg,Husdjur till husbehov: Ärftlighetslära & lantraser.
2004,http://www.alternativ.nu/butik/åter/2004/åter-304.html,http://www.alternativ.nu/butik/386-thickbox_default/åter-304.jpg,"Hästredskap 2: Årder, plog & harv."
2004,http://www.alternativ.nu/butik/åter/2004/åter-304.html,http://www.alternativ.nu/butik/386-thickbox_default/åter-304.jpg,Renovera fönster.
2004,http://www.alternativ.nu/butik/åter/2004/åter-304.html,http://www.alternativ.nu/butik/386-thickbox_default/åter-304.jpg,Odla hasselnötter.
2004,http://www.alternativ.nu/butik/åter/2004/åter-304.html,http://www.alternativ.nu/butik/386-thickbox_default/åter-304.jpg,Att lägga halmtak.
2004,http://www.alternativ.nu/butik/åter/2004/åter-304.html,http://www.alternativ.nu/butik/386-thickbox_default/åter-304.jpg,Foderbetor.
2004,http://www.alternativ.nu/butik/åter/2004/åter-304.html,http://www.alternativ.nu/butik/386-thickbox_default/åter-304.jpg,Utfodring med rotfrukter och potatis.
2004,http://www.alternativ.nu/butik/åter/2004/åter-404.html,http://www.alternativ.nu/butik/391-thickbox_default/åter-404.jpg,Hästredskap 3: Från stallgödselspridare till mullskopa.
2004,http://www.alternativ.nu/butik/åter/2004/åter-404.html,http://www.alternativ.nu/butik/391-thickbox_default/åter-404.jpg,ÅngSlottet.
2004,http://www.alternativ.nu/butik/åter/2004/åter-404.html,http://www.alternativ.nu/butik/391-thickbox_default/åter-404.jpg,Husdjur till husbehov: Nötkreatur del 1.
2004,http://www.alternativ.nu/butik/åter/2004/åter-404.html,http://www.alternativ.nu/butik/391-thickbox_default/åter-404.jpg,Odla vin.
2004,http://www.alternativ.nu/butik/åter/2004/åter-404.html,http://www.alternativ.nu/butik/391-thickbox_default/åter-404.jpg,Gamla sädsorter.
2004,http://www.alternativ.nu/butik/åter/2004/åter-404.html,http://www.alternativ.nu/butik/391-thickbox_default/åter-404.jpg,Vegankost på 800m2.
2004,http://www.alternativ.nu/butik/åter/2004/åter-404.html,http://www.alternativ.nu/butik/391-thickbox_default/åter-404.jpg,Gör en enkel kniv.
2004,http://www.alternativ.nu/butik/åter/2004/åter-404.html,http://www.alternativ.nu/butik/391-thickbox_default/åter-404.jpg,Odla egna kräftor.
2004,http://www.alternativ.nu/butik/åter/2004/åter-404.html,http://www.alternativ.nu/butik/391-thickbox_default/åter-404.jpg,Läsarbrev: Vägar till självhushållning.
2004,http://www.alternativ.nu/butik/åter/2004/åter-404.html,http://www.alternativ.nu/butik/391-thickbox_default/åter-404.jpg,Snickartips.
2005,http://www.alternativ.nu/butik/åter/2005/åter-105.html,http://www.alternativ.nu/butik/352-thickbox_default/åter-105.jpg,Minikolmila.
2005,http://www.alternativ.nu/butik/åter/2005/åter-105.html,http://www.alternativ.nu/butik/352-thickbox_default/åter-105.jpg,Tobaksodling.
2005,http://www.alternativ.nu/butik/åter/2005/åter-105.html,http://www.alternativ.nu/butik/352-thickbox_default/åter-105.jpg,Nötkreatur.
2005,http://www.alternativ.nu/butik/åter/2005/åter-105.html,http://www.alternativ.nu/butik/352-thickbox_default/åter-105.jpg,Pil.
2005,http://www.alternativ.nu/butik/åter/2005/åter-105.html,http://www.alternativ.nu/butik/352-thickbox_default/åter-105.jpg,Kokbönor.
2005,http://www.alternativ.nu/butik/åter/2005/åter-105.html,http://www.alternativ.nu/butik/352-thickbox_default/åter-105.jpg,Massugnar.
2005,http://www.alternativ.nu/butik/åter/2005/åter-105.html,http://www.alternativ.nu/butik/352-thickbox_default/åter-105.jpg,Hästredskap.
2005,http://www.alternativ.nu/butik/åter/2005/åter-105.html,http://www.alternativ.nu/butik/352-thickbox_default/åter-105.jpg,Hjulhacka & radsåmaskin.
2005,http://www.alternativ.nu/butik/åter/2005/åter-105.html,http://www.alternativ.nu/butik/352-thickbox_default/åter-105.jpg,Byggnadsställningar
2005,http://www.alternativ.nu/butik/åter/2005/åter-205.html,http://www.alternativ.nu/butik/358-thickbox_default/åter-205.jpg,Svin.
2005,http://www.alternativ.nu/butik/åter/2005/åter-205.html,http://www.alternativ.nu/butik/358-thickbox_default/åter-205.jpg,Odla i sand.
2005,http://www.alternativ.nu/butik/åter/2005/åter-205.html,http://www.alternativ.nu/butik/358-thickbox_default/åter-205.jpg,Hallon.
2005,http://www.alternativ.nu/butik/åter/2005/åter-205.html,http://www.alternativ.nu/butik/358-thickbox_default/åter-205.jpg,Björkvidjor.
2005,http://www.alternativ.nu/butik/åter/2005/åter-205.html,http://www.alternativ.nu/butik/358-thickbox_default/åter-205.jpg,Tomater.
2005,http://www.alternativ.nu/butik/åter/2005/åter-205.html,http://www.alternativ.nu/butik/358-thickbox_default/åter-205.jpg,Gammaldags mjöd.
2005,http://www.alternativ.nu/butik/åter/2005/åter-205.html,http://www.alternativ.nu/butik/358-thickbox_default/åter-205.jpg,Sötflockel.
2005,http://www.alternativ.nu/butik/åter/2005/åter-205.html,http://www.alternativ.nu/butik/358-thickbox_default/åter-205.jpg,Ingmars tips.
2005,http://www.alternativ.nu/butik/åter/2005/åter-205.html,http://www.alternativ.nu/butik/358-thickbox_default/åter-205.jpg,Skatt & självförsörjning.
2005,http://www.alternativ.nu/butik/åter/2005/åter-205.html,http://www.alternativ.nu/butik/358-thickbox_default/åter-205.jpg,Recept.
2005,http://www.alternativ.nu/butik/åter/2005/åter-305.html,http://www.alternativ.nu/butik/363-thickbox_default/åter-305.jpg,Husdjur till husbehov: Får.
2005,http://www.alternativ.nu/butik/åter/2005/åter-305.html,http://www.alternativ.nu/butik/363-thickbox_default/åter-305.jpg,Självhushållning i Namibia.
2005,http://www.alternativ.nu/butik/åter/2005/åter-305.html,http://www.alternativ.nu/butik/363-thickbox_default/åter-305.jpg,Sågfilning.
2005,http://www.alternativ.nu/butik/åter/2005/åter-305.html,http://www.alternativ.nu/butik/363-thickbox_default/åter-305.jpg,Grönsaker året runt.
2005,http://www.alternativ.nu/butik/åter/2005/åter-305.html,http://www.alternativ.nu/butik/363-thickbox_default/åter-305.jpg,Lingon.
2005,http://www.alternativ.nu/butik/åter/2005/åter-305.html,http://www.alternativ.nu/butik/363-thickbox_default/åter-305.jpg,Så fångar jag matfisk.
2005,http://www.alternativ.nu/butik/åter/2005/åter-305.html,http://www.alternativ.nu/butik/363-thickbox_default/åter-305.jpg,Stenålderskost.
2005,http://www.alternativ.nu/butik/åter/2005/åter-305.html,http://www.alternativ.nu/butik/363-thickbox_default/åter-305.jpg,Recept.
2005,http://www.alternativ.nu/butik/åter/2005/åter-405.html,http://www.alternativ.nu/butik/370-thickbox_default/åter-405.jpg,Snöröjning med häst.
2005,http://www.alternativ.nu/butik/åter/2005/åter-405.html,http://www.alternativ.nu/butik/370-thickbox_default/åter-405.jpg,Husdjur till husbehov: Getter.
2005,http://www.alternativ.nu/butik/åter/2005/åter-405.html,http://www.alternativ.nu/butik/370-thickbox_default/åter-405.jpg,Såga eget virke.
2005,http://www.alternativ.nu/butik/åter/2005/åter-405.html,http://www.alternativ.nu/butik/370-thickbox_default/åter-405.jpg,Ingmars tips: Rep & knutar.
2005,http://www.alternativ.nu/butik/åter/2005/åter-405.html,http://www.alternativ.nu/butik/370-thickbox_default/åter-405.jpg,Bygg en urinseparerande toa.
2005,http://www.alternativ.nu/butik/åter/2005/åter-405.html,http://www.alternativ.nu/butik/370-thickbox_default/åter-405.jpg,Anlägg en rotzon.
2005,http://www.alternativ.nu/butik/åter/2005/åter-405.html,http://www.alternativ.nu/butik/370-thickbox_default/åter-405.jpg,Solcellsnyheter.
2005,http://www.alternativ.nu/butik/åter/2005/åter-405.html,http://www.alternativ.nu/butik/370-thickbox_default/åter-405.jpg,Recept.
2006,http://www.alternativ.nu/butik/åter/2006/åter-306.html,http://www.alternativ.nu/butik/347-thickbox_default/åter-306.jpg,Virka en vedpåse.
2006,http://www.alternativ.nu/butik/åter/2006/åter-306.html,http://www.alternativ.nu/butik/347-thickbox_default/åter-306.jpg,"Husdjur till husbehov: Höns, del 2: kost & logi."
2006,http://www.alternativ.nu/butik/åter/2006/åter-306.html,http://www.alternativ.nu/butik/347-thickbox_default/åter-306.jpg,Svetsning.
2006,http://www.alternativ.nu/butik/åter/2006/åter-306.html,http://www.alternativ.nu/butik/347-thickbox_default/åter-306.jpg,Återfonden.
2006,http://www.alternativ.nu/butik/åter/2006/åter-306.html,http://www.alternativ.nu/butik/347-thickbox_default/åter-306.jpg,Återträffar.
2006,http://www.alternativ.nu/butik/åter/2006/åter-306.html,http://www.alternativ.nu/butik/347-thickbox_default/åter-306.jpg,Lamm i grop.
2006,http://www.alternativ.nu/butik/åter/2006/åter-306.html,http://www.alternativ.nu/butik/347-thickbox_default/åter-306.jpg,Recept från Gudhem.
2006,http://www.alternativ.nu/butik/åter/2006/åter-306.html,http://www.alternativ.nu/butik/347-thickbox_default/åter-306.jpg,Dragare eller inte?
2006,http://www.alternativ.nu/butik/åter/2006/åter-306.html,http://www.alternativ.nu/butik/347-thickbox_default/åter-306.jpg,Torparunge 1929-1946.
2006,http://www.alternativ.nu/butik/åter/2006/åter-306.html,http://www.alternativ.nu/butik/347-thickbox_default/åter-306.jpg,Höns som inkomstkälla.
2006,http://www.alternativ.nu/butik/åter/2006/åter-306.html,http://www.alternativ.nu/butik/347-thickbox_default/åter-306.jpg,"Spadar, hackor, grepar."
2008,http://www.alternativ.nu/butik/åter/2008/åter-108.html,http://www.alternativ.nu/butik/1268-thickbox_default/åter-108.jpg,Husdjur till husbehov: Myskankor.
2008,http://www.alternativ.nu/butik/åter/2008/åter-108.html,http://www.alternativ.nu/butik/1268-thickbox_default/åter-108.jpg,Stenhuggning.
2008,http://www.alternativ.nu/butik/åter/2008/åter-108.html,http://www.alternativ.nu/butik/1268-thickbox_default/åter-108.jpg,Anlägga en örtagård.
2008,http://www.alternativ.nu/butik/åter/2008/åter-108.html,http://www.alternativ.nu/butik/1268-thickbox_default/åter-108.jpg,Gör en täljhäst.
2008,http://www.alternativ.nu/butik/åter/2008/åter-108.html,http://www.alternativ.nu/butik/1268-thickbox_default/åter-108.jpg,Plantuppdragning i vardagsrummet.
2008,http://www.alternativ.nu/butik/åter/2008/åter-108.html,http://www.alternativ.nu/butik/1268-thickbox_default/åter-108.jpg,"Enkelt snickeri, del 4: Verktyg."
2008,http://www.alternativ.nu/butik/åter/2008/åter-108.html,http://www.alternativ.nu/butik/1268-thickbox_default/åter-108.jpg,Utflyttarbrev: Från Malmö till Småland -Fem år senare.
2008,http://www.alternativ.nu/butik/åter/2008/åter-108.html,http://www.alternativ.nu/butik/1268-thickbox_default/åter-108.jpg,"Korgflätning, del 1: Dragning av rötter."
2008,http://www.alternativ.nu/butik/åter/2008/åter-108.html,http://www.alternativ.nu/butik/1268-thickbox_default/åter-108.jpg,Korg med träbotten
2008,http://www.alternativ.nu/butik/åter/2008/åter-408.html,http://www.alternativ.nu/butik/1269-thickbox_default/åter-408.jpg,Tjäckelyxan.
2008,http://www.alternativ.nu/butik/åter/2008/åter-408.html,http://www.alternativ.nu/butik/1269-thickbox_default/åter-408.jpg,Niklas hugger ett tråg.
2008,http://www.alternativ.nu/butik/åter/2008/åter-408.html,http://www.alternativ.nu/butik/1269-thickbox_default/åter-408.jpg,"Tygblöjor, del 1."
2008,http://www.alternativ.nu/butik/åter/2008/åter-408.html,http://www.alternativ.nu/butik/1269-thickbox_default/åter-408.jpg,Skiffertak.
2008,http://www.alternativ.nu/butik/åter/2008/åter-408.html,http://www.alternativ.nu/butik/1269-thickbox_default/åter-408.jpg,"Udda grödor, del 2: Rosenkvitten."
2008,http://www.alternativ.nu/butik/åter/2008/åter-408.html,http://www.alternativ.nu/butik/1269-thickbox_default/åter-408.jpg,Två läbbiga saker: Botulism & Spolmask.
2008,http://www.alternativ.nu/butik/åter/2008/åter-408.html,http://www.alternativ.nu/butik/1269-thickbox_default/åter-408.jpg,"God mat av lamm, del 2: Lammets rygg."
2008,http://www.alternativ.nu/butik/åter/2008/åter-408.html,http://www.alternativ.nu/butik/1269-thickbox_default/åter-408.jpg,Ullkammar.
2008,http://www.alternativ.nu/butik/åter/2008/åter-408.html,http://www.alternativ.nu/butik/1269-thickbox_default/åter-408.jpg,Självhushållning i fritidshuset: Lövudden -första hösten.
2008,http://www.alternativ.nu/butik/åter/2008/åter-408.html,http://www.alternativ.nu/butik/1269-thickbox_default/åter-408.jpg,Bygg en kycklingtraktor.
2008,http://www.alternativ.nu/butik/åter/2008/åter-408.html,http://www.alternativ.nu/butik/1269-thickbox_default/åter-408.jpg,Mura en bakugn.
2008,http://www.alternativ.nu/butik/åter/2008/åter-408.html,http://www.alternativ.nu/butik/1269-thickbox_default/åter-408.jpg,"Korgar, del 4: Revbenskorg med grepe"
2009,http://www.alternativ.nu/butik/åter/2009/åter-209.html,http://www.alternativ.nu/butik/327-thickbox_default/åter-209.jpg,"Timra ett hus, del 1.Korgar, del 6: Rivning av furuspån.Utflyttarbrev: Västerlid.God mat av lamm, del 4: Lammfärs.Jordkällare.Läsarbrev: Lövudden -första vintern.Udda grödor, del 4: Havtorn.Lieknackning.Utflyttarbrev: Paradistorpet -första året.Utflyttarbrev: Sätter."
2009,http://www.alternativ.nu/butik/åter/2009/åter-309.html,http://www.alternativ.nu/butik/332-thickbox_default/åter-309.jpg,Torking.
2009,http://www.alternativ.nu/butik/åter/2009/åter-309.html,http://www.alternativ.nu/butik/332-thickbox_default/åter-309.jpg,"Timra ett hus, del 2."
2009,http://www.alternativ.nu/butik/åter/2009/åter-309.html,http://www.alternativ.nu/butik/332-thickbox_default/åter-309.jpg,Reportage: På syltkurs.
2009,http://www.alternativ.nu/butik/åter/2009/åter-309.html,http://www.alternativ.nu/butik/332-thickbox_default/åter-309.jpg,Utflyttarbrev: Hälltorp.
2009,http://www.alternativ.nu/butik/åter/2009/åter-309.html,http://www.alternativ.nu/butik/332-thickbox_default/åter-309.jpg,Reportage: Stora Haketorp.
2009,http://www.alternativ.nu/butik/åter/2009/åter-309.html,http://www.alternativ.nu/butik/332-thickbox_default/åter-309.jpg,"Udda grödor, del 5: Björnbär. ­"
2009,http://www.alternativ.nu/butik/åter/2009/åter-309.html,http://www.alternativ.nu/butik/332-thickbox_default/åter-309.jpg,"Korgar, del 7: Rakflätad spånkorg."
2009,http://www.alternativ.nu/butik/åter/2009/åter-309.html,http://www.alternativ.nu/butik/332-thickbox_default/åter-309.jpg,Läsarbrev: Lövudden -försommartid.
2009,http://www.alternativ.nu/butik/åter/2009/åter-309.html,http://www.alternativ.nu/butik/332-thickbox_default/åter-309.jpg,"Bränna egen tjära, del 1: Tjärdal i miniatyr."
2009,http://www.alternativ.nu/butik/åter/2009/åter-309.html,http://www.alternativ.nu/butik/332-thickbox_default/åter-309.jpg,Från Alternativ.nu: Vad hämtar vi i skog & mark?
2009,http://www.alternativ.nu/butik/åter/2009/åter-409.html,http://www.alternativ.nu/butik/337-thickbox_default/åter-409.jpg,"Torka, röka och salta fisk."
2009,http://www.alternativ.nu/butik/åter/2009/åter-409.html,http://www.alternativ.nu/butik/337-thickbox_default/åter-409.jpg,"Korgar, del 8: Halmkorg."
2009,http://www.alternativ.nu/butik/åter/2009/åter-409.html,http://www.alternativ.nu/butik/337-thickbox_default/åter-409.jpg,Reportage: På ostkurs.
2009,http://www.alternativ.nu/butik/åter/2009/åter-409.html,http://www.alternativ.nu/butik/337-thickbox_default/åter-409.jpg,Lyfta tungt.
2009,http://www.alternativ.nu/butik/åter/2009/åter-409.html,http://www.alternativ.nu/butik/337-thickbox_default/åter-409.jpg,"Bränna egen tjära, del 2: Fullstor tjärdal."
2009,http://www.alternativ.nu/butik/åter/2009/åter-409.html,http://www.alternativ.nu/butik/337-thickbox_default/åter-409.jpg,Snickra fågelholkar.
2009,http://www.alternativ.nu/butik/åter/2009/åter-409.html,http://www.alternativ.nu/butik/337-thickbox_default/åter-409.jpg,Läsarbrev: Lövudden -sommar & höst.
2009,http://www.alternativ.nu/butik/åter/2009/åter-409.html,http://www.alternativ.nu/butik/337-thickbox_default/åter-409.jpg,"Udda grödor, del 6: Trädblåbär/Saskatoon."
2009,http://www.alternativ.nu/butik/åter/2009/åter-409.html,http://www.alternativ.nu/butik/337-thickbox_default/åter-409.jpg,Reportage: Hans-Beat & Claudia i Edsviken.
2009,http://www.alternativ.nu/butik/åter/2009/åter-409.html,http://www.alternativ.nu/butik/337-thickbox_default/åter-409.jpg,Från Alternativ.nu: Hemgjorda julklappar.
2009,http://www.alternativ.nu/butik/åter/2009/åter-109.html,http://www.alternativ.nu/butik/1267-thickbox_default/åter-109.jpg,"­Korgar, del 4: Revbenskorg med grepe."
2009,http://www.alternativ.nu/butik/åter/2009/åter-109.html,http://www.alternativ.nu/butik/1267-thickbox_default/åter-109.jpg,Läsarbrev: Maten på Svingsåsen.
2009,http://www.alternativ.nu/butik/åter/2009/åter-109.html,http://www.alternativ.nu/butik/1267-thickbox_default/åter-109.jpg,"Tygblöjor, del 2."
2009,http://www.alternativ.nu/butik/åter/2009/åter-109.html,http://www.alternativ.nu/butik/1267-thickbox_default/åter-109.jpg,Utflyttarbrev: Första året på Hannasgården.
2009,http://www.alternativ.nu/butik/åter/2009/åter-109.html,http://www.alternativ.nu/butik/1267-thickbox_default/åter-109.jpg,Syllbyte.
2009,http://www.alternativ.nu/butik/åter/2009/åter-109.html,http://www.alternativ.nu/butik/1267-thickbox_default/åter-109.jpg,"Niklas hugger ett tråg, del 2."
2009,http://www.alternativ.nu/butik/åter/2009/åter-109.html,http://www.alternativ.nu/butik/1267-thickbox_default/åter-109.jpg,"Udda grödor, del 3: Melon."
2009,http://www.alternativ.nu/butik/åter/2009/åter-109.html,http://www.alternativ.nu/butik/1267-thickbox_default/åter-109.jpg,Spinna med slända.
2009,http://www.alternativ.nu/butik/åter/2009/åter-109.html,http://www.alternativ.nu/butik/1267-thickbox_default/åter-109.jpg,"God mat av lamm, del 3: Lammlår."
2009,http://www.alternativ.nu/butik/åter/2009/åter-109.html,http://www.alternativ.nu/butik/1267-thickbox_default/åter-109.jpg,Fläta en pilkon
2012,http://www.alternativ.nu/butik/åter/2012/åter-312.html,http://www.alternativ.nu/butik/296-thickbox_default/åter-312.jpg,"Odla tillsammans,"
2012,http://www.alternativ.nu/butik/åter/2012/åter-312.html,http://www.alternativ.nu/butik/296-thickbox_default/åter-312.jpg,"Jakt, del 7: Bygg en kråkfälla,"
2012,http://www.alternativ.nu/butik/åter/2012/åter-312.html,http://www.alternativ.nu/butik/296-thickbox_default/åter-312.jpg,"Ingmars klyv,"
2012,http://www.alternativ.nu/butik/åter/2012/åter-312.html,http://www.alternativ.nu/butik/296-thickbox_default/åter-312.jpg,"Så gör du vinäger och balsamvinäger,"
2012,http://www.alternativ.nu/butik/åter/2012/åter-312.html,http://www.alternativ.nu/butik/296-thickbox_default/åter-312.jpg,"Mina Wwoof-erfarenheter,"
2012,http://www.alternativ.nu/butik/åter/2012/åter-312.html,http://www.alternativ.nu/butik/296-thickbox_default/åter-312.jpg,"Wwoof på Bossgården,"
2012,http://www.alternativ.nu/butik/åter/2012/åter-312.html,http://www.alternativ.nu/butik/296-thickbox_default/åter-312.jpg,"Utflyttarbrev: Amfinnsryd,"
2012,http://www.alternativ.nu/butik/åter/2012/åter-312.html,http://www.alternativ.nu/butik/296-thickbox_default/åter-312.jpg,"Bevara sommaren med Camilla Plum,"
2012,http://www.alternativ.nu/butik/åter/2012/åter-312.html,http://www.alternativ.nu/butik/296-thickbox_default/åter-312.jpg,"Skogsträdgården i Holma,"
2012,http://www.alternativ.nu/butik/åter/2012/åter-312.html,http://www.alternativ.nu/butik/296-thickbox_default/åter-312.jpg,"Bygga hus med halmbalar,"
2012,http://www.alternativ.nu/butik/åter/2012/åter-312.html,http://www.alternativ.nu/butik/296-thickbox_default/åter-312.jpg,"Halmbalshuset i Mundekulla,"
2012,http://www.alternativ.nu/butik/åter/2012/åter-312.html,http://www.alternativ.nu/butik/296-thickbox_default/åter-312.jpg,Nyttiga sensommarörter
2012,http://www.alternativ.nu/butik/åter/2012/åter-412.html,http://www.alternativ.nu/butik/291-thickbox_default/åter-412.jpg,"Kubbhus, del 2."
2012,http://www.alternativ.nu/butik/åter/2012/åter-412.html,http://www.alternativ.nu/butik/291-thickbox_default/åter-412.jpg,"Gråärter,"
2012,http://www.alternativ.nu/butik/åter/2012/åter-412.html,http://www.alternativ.nu/butik/291-thickbox_default/åter-412.jpg,"Äta & odla som vegan,"
2012,http://www.alternativ.nu/butik/åter/2012/åter-412.html,http://www.alternativ.nu/butik/291-thickbox_default/åter-412.jpg,"Näringslära för veganer,"
2012,http://www.alternativ.nu/butik/åter/2012/åter-412.html,http://www.alternativ.nu/butik/291-thickbox_default/åter-412.jpg,"Vårt gröna kulturarv,"
2012,http://www.alternativ.nu/butik/åter/2012/åter-412.html,http://www.alternativ.nu/butik/291-thickbox_default/åter-412.jpg,"Test av mjölkmaskin,"
2012,http://www.alternativ.nu/butik/åter/2012/åter-412.html,http://www.alternativ.nu/butik/291-thickbox_default/åter-412.jpg,"Utflyttarbrev: Daje gård,"
2012,http://www.alternativ.nu/butik/åter/2012/åter-412.html,http://www.alternativ.nu/butik/291-thickbox_default/åter-412.jpg,"Lantbruksmuséet i Skallmeja,"
2012,http://www.alternativ.nu/butik/åter/2012/åter-412.html,http://www.alternativ.nu/butik/291-thickbox_default/åter-412.jpg,"Vilda växter, del 5: Kardborre,"
2012,http://www.alternativ.nu/butik/åter/2012/åter-412.html,http://www.alternativ.nu/butik/291-thickbox_default/åter-412.jpg,"Kursreportage: Lerputsning,"
2012,http://www.alternativ.nu/butik/åter/2012/åter-412.html,http://www.alternativ.nu/butik/291-thickbox_default/åter-412.jpg,"Jakt, del 8: Bygg en rävfälla,"
2012,http://www.alternativ.nu/butik/åter/2012/åter-412.html,http://www.alternativ.nu/butik/291-thickbox_default/åter-412.jpg,"Ny bok: Expedition Mathantverk,"
2012,http://www.alternativ.nu/butik/åter/2012/åter-412.html,http://www.alternativ.nu/butik/291-thickbox_default/åter-412.jpg,Utflyttarbrev: Backgårds del 6
2012,http://www.alternativ.nu/butik/åter/2012/åter-112.html,http://www.alternativ.nu/butik/1263-thickbox_default/åter-112.jpg,"Vilda växter, del 3: Brännässla."
2012,http://www.alternativ.nu/butik/åter/2012/åter-112.html,http://www.alternativ.nu/butik/1263-thickbox_default/åter-112.jpg,Utflyttarbrev: Ett år i Vimmenarp.
2012,http://www.alternativ.nu/butik/åter/2012/åter-112.html,http://www.alternativ.nu/butik/1263-thickbox_default/åter-112.jpg,Kursreportage: Gårdschark.
2012,http://www.alternativ.nu/butik/åter/2012/åter-112.html,http://www.alternativ.nu/butik/1263-thickbox_default/åter-112.jpg,Tips från en yrkesbiodlare.
2012,http://www.alternativ.nu/butik/åter/2012/åter-112.html,http://www.alternativ.nu/butik/1263-thickbox_default/åter-112.jpg,Bygg en bakugn.
2012,http://www.alternativ.nu/butik/åter/2012/åter-112.html,http://www.alternativ.nu/butik/1263-thickbox_default/åter-112.jpg,Svampodling på ved.
2012,http://www.alternativ.nu/butik/åter/2012/åter-112.html,http://www.alternativ.nu/butik/1263-thickbox_default/åter-112.jpg,"Jakt, del 5: Rådjur."
2012,http://www.alternativ.nu/butik/åter/2012/åter-112.html,http://www.alternativ.nu/butik/1263-thickbox_default/åter-112.jpg,Från uthus till hus.
2012,http://www.alternativ.nu/butik/åter/2012/åter-112.html,http://www.alternativ.nu/butik/1263-thickbox_default/åter-112.jpg,Bygg en raketspis
2012,http://www.alternativ.nu/butik/åter/2012/åter-212.html,http://www.alternativ.nu/butik/1264-thickbox_default/åter-212.jpg,"Vilda växter, del 4: Björk."
2012,http://www.alternativ.nu/butik/åter/2012/åter-212.html,http://www.alternativ.nu/butik/1264-thickbox_default/åter-212.jpg,Lantraser -mina favoriter!
2012,http://www.alternativ.nu/butik/åter/2012/åter-212.html,http://www.alternativ.nu/butik/1264-thickbox_default/åter-212.jpg,"Jakt, del 6: Två enkla skjutstöd."
2012,http://www.alternativ.nu/butik/åter/2012/åter-212.html,http://www.alternativ.nu/butik/1264-thickbox_default/åter-212.jpg,Smakprov ur handboken: Hårdost.
2012,http://www.alternativ.nu/butik/åter/2012/åter-212.html,http://www.alternativ.nu/butik/1264-thickbox_default/åter-212.jpg,Tema wwoof: Odlingserfarenheter från andra sidan jordklotet.
2012,http://www.alternativ.nu/butik/åter/2012/åter-212.html,http://www.alternativ.nu/butik/1264-thickbox_default/åter-212.jpg,Livet med wwoofare på en ö i havet.
2012,http://www.alternativ.nu/butik/åter/2012/åter-212.html,http://www.alternativ.nu/butik/1264-thickbox_default/åter-212.jpg,"Tips från en yrkesbiodlare, del 2."
2012,http://www.alternativ.nu/butik/åter/2012/åter-212.html,http://www.alternativ.nu/butik/1264-thickbox_default/åter-212.jpg,Fiskodling.
2012,http://www.alternativ.nu/butik/åter/2012/åter-212.html,http://www.alternativ.nu/butik/1264-thickbox_default/åter-212.jpg,"Utflyttarbrev: Backgårds, del 5"
2013,http://www.alternativ.nu/butik/åter/2013/åter-113.html,http://www.alternativ.nu/butik/286-thickbox_default/åter-113.jpg,"Stadsodling på Kuba,"
2013,http://www.alternativ.nu/butik/åter/2013/åter-113.html,http://www.alternativ.nu/butik/286-thickbox_default/åter-113.jpg,"Vilda växter del 6: Tall,"
2013,http://www.alternativ.nu/butik/åter/2013/åter-113.html,http://www.alternativ.nu/butik/286-thickbox_default/åter-113.jpg,"Utflyttarbrev: Flemmingsbacken,"
2013,http://www.alternativ.nu/butik/åter/2013/åter-113.html,http://www.alternativ.nu/butik/286-thickbox_default/åter-113.jpg,"Jakt del 9: Saltstenar & ett par små tips,"
2013,http://www.alternativ.nu/butik/åter/2013/åter-113.html,http://www.alternativ.nu/butik/286-thickbox_default/åter-113.jpg,"Ur Handboken: Göra i vår,"
2013,http://www.alternativ.nu/butik/åter/2013/åter-113.html,http://www.alternativ.nu/butik/286-thickbox_default/åter-113.jpg,"Fil, yoghurt & crème fraîche,"
2013,http://www.alternativ.nu/butik/åter/2013/åter-113.html,http://www.alternativ.nu/butik/286-thickbox_default/åter-113.jpg,"Tillmakning,"
2013,http://www.alternativ.nu/butik/åter/2013/åter-113.html,http://www.alternativ.nu/butik/286-thickbox_default/åter-113.jpg,"Utflyttarbrev: Min väg ut ur ekorrhjulet,"
2013,http://www.alternativ.nu/butik/åter/2013/åter-113.html,http://www.alternativ.nu/butik/286-thickbox_default/åter-113.jpg,"Gunillas örter: Dragplåster & kådasalva,"
2013,http://www.alternativ.nu/butik/åter/2013/åter-113.html,http://www.alternativ.nu/butik/286-thickbox_default/åter-113.jpg,"Hårtvätt utan schampo: No´poo,"
2013,http://www.alternativ.nu/butik/åter/2013/åter-113.html,http://www.alternativ.nu/butik/286-thickbox_default/åter-113.jpg,"Tips för en smidigare odlingsvår,"
2013,http://www.alternativ.nu/butik/åter/2013/åter-113.html,http://www.alternativ.nu/butik/286-thickbox_default/åter-113.jpg,Utflyttarbrev: Björndalen
2013,http://www.alternativ.nu/butik/åter/2013/åter-113.html,http://www.alternativ.nu/butik/286-thickbox_default/åter-113.jpg,Läsartips
2013,http://www.alternativ.nu/butik/åter/2013/åter-213.html,http://www.alternativ.nu/butik/281-thickbox_default/åter-213.jpg,"Jordhydda,"
2013,http://www.alternativ.nu/butik/åter/2013/åter-213.html,http://www.alternativ.nu/butik/281-thickbox_default/åter-213.jpg,"Haloumi, ricotta och mozzarella,"
2013,http://www.alternativ.nu/butik/åter/2013/åter-213.html,http://www.alternativ.nu/butik/281-thickbox_default/åter-213.jpg,"Jakt 10: När vildsvinen kommer,"
2013,http://www.alternativ.nu/butik/åter/2013/åter-213.html,http://www.alternativ.nu/butik/281-thickbox_default/åter-213.jpg,"Utflyttarbrev: Borrabo,"
2013,http://www.alternativ.nu/butik/åter/2013/åter-213.html,http://www.alternativ.nu/butik/281-thickbox_default/åter-213.jpg,"Gunillas örter: Vårörter,"
2013,http://www.alternativ.nu/butik/åter/2013/åter-213.html,http://www.alternativ.nu/butik/281-thickbox_default/åter-213.jpg,"Vilda växter 7: Björnloka,"
2013,http://www.alternativ.nu/butik/åter/2013/åter-213.html,http://www.alternativ.nu/butik/281-thickbox_default/åter-213.jpg,"Fläta ett mobilt staket,"
2013,http://www.alternativ.nu/butik/åter/2013/åter-213.html,http://www.alternativ.nu/butik/281-thickbox_default/åter-213.jpg,"Halmbalshuset Snäckan i ekobyn Utsikten,"
2013,http://www.alternativ.nu/butik/åter/2013/åter-213.html,http://www.alternativ.nu/butik/281-thickbox_default/åter-213.jpg,Vinbär
2013,http://www.alternativ.nu/butik/åter/2013/åter-313.html,http://www.alternativ.nu/butik/277-thickbox_default/åter-313.jpg,Fönsterrenovering.
2013,http://www.alternativ.nu/butik/åter/2013/åter-313.html,http://www.alternativ.nu/butik/277-thickbox_default/åter-313.jpg,Reportage: Bo i ett växthus.
2013,http://www.alternativ.nu/butik/åter/2013/åter-313.html,http://www.alternativ.nu/butik/277-thickbox_default/åter-313.jpg,"Jakt, del 11: Ek."
2013,http://www.alternativ.nu/butik/åter/2013/åter-313.html,http://www.alternativ.nu/butik/277-thickbox_default/åter-313.jpg,Ingmars utflyttarbrev.
2013,http://www.alternativ.nu/butik/åter/2013/åter-313.html,http://www.alternativ.nu/butik/277-thickbox_default/åter-313.jpg,Andelsodling.
2013,http://www.alternativ.nu/butik/åter/2013/åter-313.html,http://www.alternativ.nu/butik/277-thickbox_default/åter-313.jpg,Bredgrep.
2013,http://www.alternativ.nu/butik/åter/2013/åter-313.html,http://www.alternativ.nu/butik/277-thickbox_default/åter-313.jpg,Lieslåtter.
2013,http://www.alternativ.nu/butik/åter/2013/åter-313.html,http://www.alternativ.nu/butik/277-thickbox_default/åter-313.jpg,Gunillas örter: Té.
2013,http://www.alternativ.nu/butik/åter/2013/åter-313.html,http://www.alternativ.nu/butik/277-thickbox_default/åter-313.jpg,Enkel självhushållning.
2013,http://www.alternativ.nu/butik/åter/2013/åter-413.html,http://www.alternativ.nu/butik/271-thickbox_default/åter-413.jpg,Självförsörjande på kryddväxter
2013,http://www.alternativ.nu/butik/åter/2013/åter-413.html,http://www.alternativ.nu/butik/271-thickbox_default/åter-413.jpg,Läsarbrev: Våra odlingar
2013,http://www.alternativ.nu/butik/åter/2013/åter-413.html,http://www.alternativ.nu/butik/271-thickbox_default/åter-413.jpg,"Jakt del 12: Summering, framtid & torkat kött"
2013,http://www.alternativ.nu/butik/åter/2013/åter-413.html,http://www.alternativ.nu/butik/271-thickbox_default/åter-413.jpg,Örtolja och lotion
2013,http://www.alternativ.nu/butik/åter/2013/åter-413.html,http://www.alternativ.nu/butik/271-thickbox_default/åter-413.jpg,Återskapa dina naturbetesmarker
2013,http://www.alternativ.nu/butik/åter/2013/åter-413.html,http://www.alternativ.nu/butik/271-thickbox_default/åter-413.jpg,Biodling på nygammalt sätt
2013,http://www.alternativ.nu/butik/åter/2013/åter-413.html,http://www.alternativ.nu/butik/271-thickbox_default/åter-413.jpg,Tovade fårfällar
2013,http://www.alternativ.nu/butik/åter/2013/åter-413.html,http://www.alternativ.nu/butik/271-thickbox_default/åter-413.jpg,Utflyttarbrev: Sjöborgen
2014,http://www.alternativ.nu/butik/åter/2014/åter-nr-114-restex.html,http://www.alternativ.nu/butik/270-thickbox_default/åter-nr-114-restex.jpg,Fönstertillverkning.
2014,http://www.alternativ.nu/butik/åter/2014/åter-nr-114-restex.html,http://www.alternativ.nu/butik/270-thickbox_default/åter-nr-114-restex.jpg,Jakt del 13: Pass & märgben.
2014,http://www.alternativ.nu/butik/åter/2014/åter-nr-114-restex.html,http://www.alternativ.nu/butik/270-thickbox_default/åter-nr-114-restex.jpg,Mie & Ericas nybörjarbrev.
2014,http://www.alternativ.nu/butik/åter/2014/åter-nr-114-restex.html,http://www.alternativ.nu/butik/270-thickbox_default/åter-nr-114-restex.jpg,Mördarsniglar.
2014,http://www.alternativ.nu/butik/åter/2014/åter-nr-114-restex.html,http://www.alternativ.nu/butik/270-thickbox_default/åter-nr-114-restex.jpg,Utflyttarbrev: Björklunda  -Vägen från tryggheten.
2014,http://www.alternativ.nu/butik/åter/2014/åter-nr-114-restex.html,http://www.alternativ.nu/butik/270-thickbox_default/åter-nr-114-restex.jpg,Gunillas örter: Muskelörter.
2014,http://www.alternativ.nu/butik/åter/2014/åter-nr-114-restex.html,http://www.alternativ.nu/butik/270-thickbox_default/åter-nr-114-restex.jpg,Läsarbrev: Mitt fram­tida självhushåll.
2014,http://www.alternativ.nu/butik/åter/2014/åter-nr-114-restex.html,http://www.alternativ.nu/butik/270-thickbox_default/åter-nr-114-restex.jpg,Läsarbrev: Djupadal -en Återblick.
2014,http://www.alternativ.nu/butik/åter/2014/åter-nr-114-restex.html,http://www.alternativ.nu/butik/270-thickbox_default/åter-nr-114-restex.jpg,Spinna på spinnrock.
2014,http://www.alternativ.nu/butik/åter/2014/åter-nr-114-restex.html,http://www.alternativ.nu/butik/270-thickbox_default/åter-nr-114-restex.jpg,En användbar läketrädgård.
2014,http://www.alternativ.nu/butik/åter/2014/åter-nr-114-restex.html,http://www.alternativ.nu/butik/270-thickbox_default/åter-nr-114-restex.jpg,Skötsel av naturbetesmarker.
2014,http://www.alternativ.nu/butik/åter/2014/åter-nr-114-restex.html,http://www.alternativ.nu/butik/270-thickbox_default/åter-nr-114-restex.jpg,Läsarbrev: Skräddaröd  -Självhushållning i villa.
2014,http://www.alternativ.nu/butik/åter/2014/åter-214.html,http://www.alternativ.nu/butik/261-thickbox_default/åter-214.jpg,Utekök.
2014,http://www.alternativ.nu/butik/åter/2014/åter-214.html,http://www.alternativ.nu/butik/261-thickbox_default/åter-214.jpg,Blåbärstry.
2014,http://www.alternativ.nu/butik/åter/2014/åter-214.html,http://www.alternativ.nu/butik/261-thickbox_default/åter-214.jpg,Slåtterängen.
2014,http://www.alternativ.nu/butik/åter/2014/åter-214.html,http://www.alternativ.nu/butik/261-thickbox_default/åter-214.jpg,Blöjor av tröjor.
2014,http://www.alternativ.nu/butik/åter/2014/åter-214.html,http://www.alternativ.nu/butik/261-thickbox_default/åter-214.jpg,Sju goda vilda växter.
2014,http://www.alternativ.nu/butik/åter/2014/åter-214.html,http://www.alternativ.nu/butik/261-thickbox_default/åter-214.jpg,Björk.
2014,http://www.alternativ.nu/butik/åter/2014/åter-214.html,http://www.alternativ.nu/butik/261-thickbox_default/åter-214.jpg,Utflyttarbrev: Biberget.
2014,http://www.alternativ.nu/butik/åter/2014/åter-214.html,http://www.alternativ.nu/butik/261-thickbox_default/åter-214.jpg,Laga & sälja mat utomhus.
2014,http://www.alternativ.nu/butik/åter/2014/åter-214.html,http://www.alternativ.nu/butik/261-thickbox_default/åter-214.jpg,Hagtorn.
2014,http://www.alternativ.nu/butik/åter/2014/åter-214.html,http://www.alternativ.nu/butik/261-thickbox_default/åter-214.jpg,Utflyttarbrev: Backfors del 2.
2014,http://www.alternativ.nu/butik/åter/2014/åter-214.html,http://www.alternativ.nu/butik/261-thickbox_default/åter-214.jpg,Barnbarn i odlingen: Odlingslådor.
2014,http://www.alternativ.nu/butik/åter/2014/åter-214.html,http://www.alternativ.nu/butik/261-thickbox_default/åter-214.jpg,Kråkjakt med uvbulvan
2014,http://www.alternativ.nu/butik/åter/2014/åter-314.html,http://www.alternativ.nu/butik/260-thickbox_default/åter-314.jpg,Gör din egen näverslira.
2014,http://www.alternativ.nu/butik/åter/2014/åter-314.html,http://www.alternativ.nu/butik/260-thickbox_default/åter-314.jpg,Hamla dina träd.
2014,http://www.alternativ.nu/butik/åter/2014/åter-314.html,http://www.alternativ.nu/butik/260-thickbox_default/åter-314.jpg,Småskalig kolning.
2014,http://www.alternativ.nu/butik/åter/2014/åter-314.html,http://www.alternativ.nu/butik/260-thickbox_default/åter-314.jpg,God mat av pumpa.
2014,http://www.alternativ.nu/butik/åter/2014/åter-314.html,http://www.alternativ.nu/butik/260-thickbox_default/åter-314.jpg,Naturlig biodling: Förökning genom svärmning.
2014,http://www.alternativ.nu/butik/åter/2014/åter-314.html,http://www.alternativ.nu/butik/260-thickbox_default/åter-314.jpg,Strandkål.
2014,http://www.alternativ.nu/butik/åter/2014/åter-314.html,http://www.alternativ.nu/butik/260-thickbox_default/åter-314.jpg,Rölleka & Johannesört.
2014,http://www.alternativ.nu/butik/åter/2014/åter-314.html,http://www.alternativ.nu/butik/260-thickbox_default/åter-314.jpg,Lettisk surdegsbakning.
2014,http://www.alternativ.nu/butik/åter/2014/åter-314.html,http://www.alternativ.nu/butik/260-thickbox_default/åter-314.jpg,Mer om kött.
2014,http://www.alternativ.nu/butik/åter/2014/åter-314.html,http://www.alternativ.nu/butik/260-thickbox_default/åter-314.jpg,Rekofestivalen på Nääs.
2014,http://www.alternativ.nu/butik/åter/2014/åter-314.html,http://www.alternativ.nu/butik/260-thickbox_default/åter-314.jpg,Festivalen i Skärstad.
2014,http://www.alternativ.nu/butik/åter/2014/åter-314.html,http://www.alternativ.nu/butik/260-thickbox_default/åter-314.jpg,Mies & Ericas nybörjarbrev x2.
2014,http://www.alternativ.nu/butik/åter/2014/åter-314.html,http://www.alternativ.nu/butik/260-thickbox_default/åter-314.jpg,Boken Självhushållning.
2014,http://www.alternativ.nu/butik/åter/2014/åter-414.html,http://www.alternativ.nu/butik/1002-thickbox_default/åter-414.jpg,"Enkel biodling. Vaktlar. Sälg. Bäbisleksaker. Slakta gris. Tovade kläder, skor & hattar. Jaga & fiska från kajak. Självhushållning i staden. Björkens svampar"
2015,http://www.alternativ.nu/butik/åter/2015/åter-115.html,http://www.alternativ.nu/butik/1014-thickbox_default/åter-115.jpg,"Äta tång, Timring,  Andelsjordbruk, Starta café, Den italienska kryddträdgården, Bygg en horisontell topplistkupa, Jakt, Körsbär, Utflyttarbrev, Citronmeliss"
2015,http://www.alternativ.nu/butik/åter/2015/åter-215.html,http://www.alternativ.nu/butik/1073-thickbox_default/åter-215.jpg,"Vinterskörd, Vilda växter,  stolphus, Permakultur, Getter, bönder, kött, Självhushållning, Nepal, Squash, Växtfärgning , Ogräs"
2015,http://www.alternativ.nu/butik/åter/2015/åter-315.html,http://www.alternativ.nu/butik/1088-thickbox_default/åter-315.jpg,"Odla  vitlök, Bygga minkfälla, Utflyttarbrev, Reparera timrat båthus, Mjölka get,  Solitärbin, Vilda växter, Säv, Starta egen verksamhet, Torkning, Åkerfräken"
2015,http://www.alternativ.nu/butik/åter/2015/åter-415.html,http://www.alternativ.nu/butik/1146-thickbox_default/åter-415.jpg,"Stolp- & timringsteknik del 4:  Utbyggnad med snedtak. Jakt del 20: Den småländska rävfällan. Fermenteringsfestivalen. Kombucha. Tempeh. Mies & Ericas nybörjarbrev del 9. Tillaga mört, id & braxen. Getter del 3: Ett mångsidigt nyttodjur. Riktiga raggsockor. Sticka och virka dina egna kläder. Självhushållningsfestival i Skärstad. Gunillas örter: Honung, kålrot & vitlök."
2016,http://www.alternativ.nu/butik/åter/2016/åter-nr-116.html,http://www.alternativ.nu/butik/1208-thickbox_default/åter-nr-116.jpg,"Timring, Renovering båthus, Duvjakt, Sol-el, Solvärme, Växthus med höns, Getter, Getslakt, återanvända papper, Tillaga lake, gädda, hornsimpa och nots.  Fiskrom, Utflyttarbrev, magsjuka"
2016,http://www.alternativ.nu/butik/åter/2016/åter-216.html,http://www.alternativ.nu/butik/1213-thickbox_default/åter-216.jpg,"timmerstomme, Stadsodling,Solvärme,solfångare,Frysa ägg,friluftsliv,Fiskfärs, fiskkorv, Getter,timring,jordkällare, vetekudde,Timjan, salvia,lavendel"
2016,http://www.alternativ.nu/butik/åter/2016/åter-316.html,http://www.alternativ.nu/butik/1224-thickbox_default/åter-316.jpg,Fettgarvning av fårskinn.
2016,http://www.alternativ.nu/butik/åter/2016/åter-316.html,http://www.alternativ.nu/butik/1224-thickbox_default/åter-316.jpg,"Fyra systrar: samodling av majs, bönor, pumpa och bondbönor."
2016,http://www.alternativ.nu/butik/åter/2016/åter-316.html,http://www.alternativ.nu/butik/1224-thickbox_default/åter-316.jpg,Att anlägga en svampträdgård.
2016,http://www.alternativ.nu/butik/åter/2016/åter-316.html,http://www.alternativ.nu/butik/1224-thickbox_default/åter-316.jpg,"Smycken av horn, ben & skinn."
2016,http://www.alternativ.nu/butik/åter/2016/åter-316.html,http://www.alternativ.nu/butik/1224-thickbox_default/åter-316.jpg,Vilda växter 13: Kärleksört.
2016,http://www.alternativ.nu/butik/åter/2016/åter-316.html,http://www.alternativ.nu/butik/1224-thickbox_default/åter-316.jpg,Getter 6: Skador & sjukdomar.
2016,http://www.alternativ.nu/butik/åter/2016/åter-316.html,http://www.alternativ.nu/butik/1224-thickbox_default/åter-316.jpg,Jakt 22: Bygg en jaktstege.
2016,http://www.alternativ.nu/butik/åter/2016/åter-316.html,http://www.alternativ.nu/butik/1224-thickbox_default/åter-316.jpg,Stolp- & timringsteknik 7: Snickarbod i timrad lada.
2016,http://www.alternativ.nu/butik/åter/2016/åter-316.html,http://www.alternativ.nu/butik/1224-thickbox_default/åter-316.jpg,Gunillas örter: Sommarens bär
2016,http://www.alternativ.nu/butik/åter/2016/åter-416.html,http://www.alternativ.nu/butik/1235-thickbox_default/åter-416.jpg,"Läsarbrev, fäbod, Älggräs, Odla fleråriga grönsaker,  Getter, getsjukdomar, Använda egna örter, Sy en mössa, Vindskydd, Julens kryddor, Utflyttarbrev, Backgårds"
2017,http://www.alternativ.nu/butik/åter/2017/åter-117.html,http://www.alternativ.nu/butik/1240-thickbox_default/åter-117.jpg,Ägodela.
2017,http://www.alternativ.nu/butik/åter/2017/åter-117.html,http://www.alternativ.nu/butik/1240-thickbox_default/åter-117.jpg,Getter 8: Avel & killning.
2017,http://www.alternativ.nu/butik/åter/2017/åter-117.html,http://www.alternativ.nu/butik/1240-thickbox_default/åter-117.jpg,Kallmurning av skalmur.
2017,http://www.alternativ.nu/butik/åter/2017/åter-117.html,http://www.alternativ.nu/butik/1240-thickbox_default/åter-117.jpg,Våra odlingar: 25 år senare.
2017,http://www.alternativ.nu/butik/åter/2017/åter-117.html,http://www.alternativ.nu/butik/1240-thickbox_default/åter-117.jpg,Gunillas örter: Islandslav.
2017,http://www.alternativ.nu/butik/åter/2017/åter-117.html,http://www.alternativ.nu/butik/1240-thickbox_default/åter-117.jpg,Demokrati till husbehov.
2017,http://www.alternativ.nu/butik/åter/2017/åter-117.html,http://www.alternativ.nu/butik/1240-thickbox_default/åter-117.jpg,Enkel bryggning av maskrosvin.
2017,http://www.alternativ.nu/butik/åter/2017/åter-117.html,http://www.alternativ.nu/butik/1240-thickbox_default/åter-117.jpg,Stolp- & timringsteknik 9: Tak i stolpteknik.
2017,http://www.alternativ.nu/butik/åter/2017/åter-117.html,http://www.alternativ.nu/butik/1240-thickbox_default/åter-117.jpg,"Ta vara på mer vid slakten: Fårskallar, blod & inälvor."
2017,http://www.alternativ.nu/butik/åter/2017/åter-117.html,http://www.alternativ.nu/butik/1240-thickbox_default/åter-117.jpg,Att bo gratis genom återbruk & uthyrning.
2017,http://www.alternativ.nu/butik/åter/2017/åter-117.html,http://www.alternativ.nu/butik/1240-thickbox_default/åter-117.jpg,Stoppa strumpor.
2017,http://www.alternativ.nu/butik/åter/2017/åter-217.html,http://www.alternativ.nu/butik/1248-thickbox_default/åter-217.jpg,Restaurering av jordkällare med valvtak.
2017,http://www.alternativ.nu/butik/åter/2017/åter-217.html,http://www.alternativ.nu/butik/1248-thickbox_default/åter-217.jpg,Naturfärga garn & tyg.
2017,http://www.alternativ.nu/butik/åter/2017/åter-217.html,http://www.alternativ.nu/butik/1248-thickbox_default/åter-217.jpg,Getter 8: Bockar.
2017,http://www.alternativ.nu/butik/åter/2017/åter-217.html,http://www.alternativ.nu/butik/1248-thickbox_default/åter-217.jpg,Tova & spinna hundull.
2017,http://www.alternativ.nu/butik/åter/2017/åter-217.html,http://www.alternativ.nu/butik/1248-thickbox_default/åter-217.jpg,Veganmat för självhushållare.
2017,http://www.alternativ.nu/butik/åter/2017/åter-217.html,http://www.alternativ.nu/butik/1248-thickbox_default/åter-217.jpg,Fiskodling: Karp till husbehov.
2017,http://www.alternativ.nu/butik/åter/2017/åter-217.html,http://www.alternativ.nu/butik/1248-thickbox_default/åter-217.jpg,Gästhus i stolpteknik.
2017,http://www.alternativ.nu/butik/åter/2017/åter-217.html,http://www.alternativ.nu/butik/1248-thickbox_default/åter-217.jpg,Halverad elräkning.
2017,http://www.alternativ.nu/butik/åter/2017/åter-217.html,http://www.alternativ.nu/butik/1248-thickbox_default/åter-217.jpg,Utflyttarbrev: Bräcksta.
2017,http://www.alternativ.nu/butik/åter/2017/åter-217.html,http://www.alternativ.nu/butik/1248-thickbox_default/åter-217.jpg,Gunillas örter: Stensöta.
